--
-- PostgreSQL database dump
--

-- Dumped from database version 15.1
-- Dumped by pg_dump version 15.0

-- Started on 2022-12-09 23:22:44

SET statement_timeout = 0;
SET lock_timeout = 0;
SET idle_in_transaction_session_timeout = 0;
SET client_encoding = 'UTF8';
SET standard_conforming_strings = on;
SELECT pg_catalog.set_config('search_path', '', false);
SET check_function_bodies = false;
SET xmloption = content;
SET client_min_messages = warning;
SET row_security = off;

SET default_tablespace = '';

SET default_table_access_method = heap;

--
-- TOC entry 215 (class 1259 OID 24652)
-- Name: category; Type: TABLE; Schema: public; Owner: postgres
--

CREATE TABLE public.category (
    id integer NOT NULL,
    name character varying(255)
);


ALTER TABLE public.category OWNER TO postgres;

--
-- TOC entry 214 (class 1259 OID 24651)
-- Name: category_id_seq; Type: SEQUENCE; Schema: public; Owner: postgres
--

ALTER TABLE public.category ALTER COLUMN id ADD GENERATED BY DEFAULT AS IDENTITY (
    SEQUENCE NAME public.category_id_seq
    START WITH 1
    INCREMENT BY 1
    NO MINVALUE
    NO MAXVALUE
    CACHE 1
);


--
-- TOC entry 221 (class 1259 OID 24716)
-- Name: image; Type: TABLE; Schema: public; Owner: postgres
--

CREATE TABLE public.image (
    id integer NOT NULL,
    file_name character varying(255),
    product_id integer NOT NULL
);


ALTER TABLE public.image OWNER TO postgres;

--
-- TOC entry 220 (class 1259 OID 24715)
-- Name: image_id_seq; Type: SEQUENCE; Schema: public; Owner: postgres
--

ALTER TABLE public.image ALTER COLUMN id ADD GENERATED BY DEFAULT AS IDENTITY (
    SEQUENCE NAME public.image_id_seq
    START WITH 1
    INCREMENT BY 1
    NO MINVALUE
    NO MAXVALUE
    CACHE 1
);


--
-- TOC entry 223 (class 1259 OID 49271)
-- Name: orders; Type: TABLE; Schema: public; Owner: postgres
--

CREATE TABLE public.orders (
    id integer NOT NULL,
    count integer NOT NULL,
    date_time timestamp without time zone,
    number_of_order character varying(255),
    price real NOT NULL,
    status integer,
    person_id integer NOT NULL,
    product_id integer NOT NULL
);


ALTER TABLE public.orders OWNER TO postgres;

--
-- TOC entry 222 (class 1259 OID 49270)
-- Name: orders_id_seq; Type: SEQUENCE; Schema: public; Owner: postgres
--

ALTER TABLE public.orders ALTER COLUMN id ADD GENERATED BY DEFAULT AS IDENTITY (
    SEQUENCE NAME public.orders_id_seq
    START WITH 1
    INCREMENT BY 1
    NO MINVALUE
    NO MAXVALUE
    CACHE 1
);


--
-- TOC entry 225 (class 1259 OID 57481)
-- Name: person; Type: TABLE; Schema: public; Owner: postgres
--

CREATE TABLE public.person (
    id integer NOT NULL,
    email text NOT NULL,
    firstname text NOT NULL,
    lastname text NOT NULL,
    login character varying(50),
    password character varying(255),
    patronymic text,
    phone_number text NOT NULL,
    role character varying(255)
);


ALTER TABLE public.person OWNER TO postgres;

--
-- TOC entry 224 (class 1259 OID 57480)
-- Name: person_id_seq; Type: SEQUENCE; Schema: public; Owner: postgres
--

ALTER TABLE public.person ALTER COLUMN id ADD GENERATED BY DEFAULT AS IDENTITY (
    SEQUENCE NAME public.person_id_seq
    START WITH 1
    INCREMENT BY 1
    NO MINVALUE
    NO MAXVALUE
    CACHE 1
);


--
-- TOC entry 217 (class 1259 OID 24664)
-- Name: product; Type: TABLE; Schema: public; Owner: postgres
--

CREATE TABLE public.product (
    id integer NOT NULL,
    date_time_of_created timestamp without time zone,
    description text NOT NULL,
    price real NOT NULL,
    seller character varying(255) NOT NULL,
    title text NOT NULL,
    warehouse character varying(255) NOT NULL,
    category_id integer NOT NULL,
    CONSTRAINT product_price_check CHECK ((price >= (1)::double precision))
);


ALTER TABLE public.product OWNER TO postgres;

--
-- TOC entry 219 (class 1259 OID 24673)
-- Name: product_cart; Type: TABLE; Schema: public; Owner: postgres
--

CREATE TABLE public.product_cart (
    id integer NOT NULL,
    person_id integer,
    product_id integer
);


ALTER TABLE public.product_cart OWNER TO postgres;

--
-- TOC entry 218 (class 1259 OID 24672)
-- Name: product_cart_id_seq; Type: SEQUENCE; Schema: public; Owner: postgres
--

ALTER TABLE public.product_cart ALTER COLUMN id ADD GENERATED BY DEFAULT AS IDENTITY (
    SEQUENCE NAME public.product_cart_id_seq
    START WITH 1
    INCREMENT BY 1
    NO MINVALUE
    NO MAXVALUE
    CACHE 1
);


--
-- TOC entry 216 (class 1259 OID 24663)
-- Name: product_id_seq; Type: SEQUENCE; Schema: public; Owner: postgres
--

ALTER TABLE public.product ALTER COLUMN id ADD GENERATED BY DEFAULT AS IDENTITY (
    SEQUENCE NAME public.product_id_seq
    START WITH 1
    INCREMENT BY 1
    NO MINVALUE
    NO MAXVALUE
    CACHE 1
);


--
-- TOC entry 3366 (class 0 OID 24652)
-- Dependencies: 215
-- Data for Name: category; Type: TABLE DATA; Schema: public; Owner: postgres
--

INSERT INTO public.category (id, name) VALUES (1, '1:43');
INSERT INTO public.category (id, name) VALUES (2, '1:8');
INSERT INTO public.category (id, name) VALUES (3, '1:18');


--
-- TOC entry 3372 (class 0 OID 24716)
-- Dependencies: 221
-- Data for Name: image; Type: TABLE DATA; Schema: public; Owner: postgres
--

INSERT INTO public.image (id, file_name, product_id) VALUES (143, '6b44b032-84a9-42df-b04b-e39549d5d012.debfb22s-960.jpg', 31);
INSERT INTO public.image (id, file_name, product_id) VALUES (144, 'd2526c6c-22f4-4f7a-96d4-c77484e80407.ab1edea1db9ad07fe66ab33dfbd20c6c.jpg', 31);
INSERT INTO public.image (id, file_name, product_id) VALUES (145, 'df873945-565c-4eb7-ae49-c6340d89a064.6313b146dcc202e108371a052a52ee1c.jpg', 31);
INSERT INTO public.image (id, file_name, product_id) VALUES (146, '167de517-f081-4b9f-8fa2-f142ecba9867.demonstracionnaja-podstavka-dlja-avtomobilej-masshtaba-1-8_1-10-1.jpg', 31);
INSERT INTO public.image (id, file_name, product_id) VALUES (147, 'a28428bb-ec6b-47ac-8c04-8c602305ce59.demo-vitrina-dlja-avtomodelej-masshtaba-1-8_1-10.jpg', 31);
INSERT INTO public.image (id, file_name, product_id) VALUES (148, '2a056c87-6152-48ef-9138-6fcd7019e8a8.62669-1.jpg', 32);
INSERT INTO public.image (id, file_name, product_id) VALUES (149, '3fc99d65-45dc-4a1f-b064-c88ac4fbcfc6.160502_9-1.jpg', 32);
INSERT INTO public.image (id, file_name, product_id) VALUES (150, '51232e1a-43ae-4a5f-892b-960b407821fe.Mercedes-SL500-R230-Black-Norev4-8.jpg', 32);
INSERT INTO public.image (id, file_name, product_id) VALUES (151, 'ae910349-25a4-4033-bfd7-af3277aa1395.minichamps-mercedes-sl-class-sl500_360_2ed4e56e15db96f5bad2c05173b3c512.jpg', 32);
INSERT INTO public.image (id, file_name, product_id) VALUES (152, '6ba14c85-6a1b-4dce-843b-8bda7c5b243f.КОЛЛЕКЦИОННАЯ-МОДЕЛЬ-MERCEDES-R230-SL500-CONVERTIBLE-2003-BLACK-МЕРСЕДЕС-СЛ500-ЧЕРНЫЙ.jpeg_480x480q55.jpeg', 32);
INSERT INTO public.image (id, file_name, product_id) VALUES (153, '98a966fa-3e0b-43dc-974e-9ce3ca4eda71.CMP0024.jpg', 33);
INSERT INTO public.image (id, file_name, product_id) VALUES (154, 'a0fc5cef-9ff7-4fb6-ba8e-09f5af77d0e7.CMP0024-1.jpg', 33);
INSERT INTO public.image (id, file_name, product_id) VALUES (155, 'a217bd84-e7d2-41d6-ad0c-f30512ff584c.CMP0024-2.jpg', 33);
INSERT INTO public.image (id, file_name, product_id) VALUES (156, '50105eef-19c6-41a1-a430-0d4b572bc423.CMP0024-4.jpg', 33);
INSERT INTO public.image (id, file_name, product_id) VALUES (157, '23ca558d-4282-4a5d-aae9-34db61097d0e.CMP0024R.jpg', 33);
INSERT INTO public.image (id, file_name, product_id) VALUES (123, '4224ec4e-486c-465c-96b3-bc1a51d4cb52.rx8-3.jpg', 27);
INSERT INTO public.image (id, file_name, product_id) VALUES (124, '23407c20-059d-4714-b3e8-260911d7a0c6.8aeff98s-960.jpg', 27);
INSERT INTO public.image (id, file_name, product_id) VALUES (125, '23cd1347-c1d0-47c5-abc6-f314deeafd65.eeeff98s-960.jpg', 27);
INSERT INTO public.image (id, file_name, product_id) VALUES (126, '25b52876-0dbd-49b6-934a-8fe4d59ef85a.rx8-1.jpg', 27);
INSERT INTO public.image (id, file_name, product_id) VALUES (127, '7bdf81c8-4af6-4afc-bd78-887bb2e341d7.rx8-2.jpeg', 27);
INSERT INTO public.image (id, file_name, product_id) VALUES (128, '701a9c9c-5212-4620-9430-980ae8e4bdb6.bmw-e36-gtr-ut-models-1-460x275.jpg', 28);
INSERT INTO public.image (id, file_name, product_id) VALUES (129, '346607f0-ce37-4605-9d6e-c95f22f6e746.bmw-e36-m3-gtr-street-car-2-1-460x275.jpg', 28);
INSERT INTO public.image (id, file_name, product_id) VALUES (130, '7e509566-34cb-46cf-8abd-e53aa60c5892.bmw-e36-m3-gtr-street-car-3-1-460x275.jpg', 28);
INSERT INTO public.image (id, file_name, product_id) VALUES (131, '41bbe053-3c96-4e41-93e4-ecfe218e611d.bmw-e36-m3-gtr-street-car-6-1-460x275.jpg', 28);
INSERT INTO public.image (id, file_name, product_id) VALUES (132, '9a41fb08-cd41-40ca-bd26-2c3b3ce61a71.bmw-e36-m3-gtr-street-car-7-1-460x275.jpg', 28);
INSERT INTO public.image (id, file_name, product_id) VALUES (138, '041252f8-b736-43e3-8eb9-26633dfcfc88.lada_2108_samara_svetlo_korichneviy_.7.product.large.jpg', 30);
INSERT INTO public.image (id, file_name, product_id) VALUES (139, '99df38c9-7545-4f2e-a8a4-3542fbfbc7d7.lada_2108_samara_svetlo_korichneviy_.8.product.lightbox.jpg', 30);
INSERT INTO public.image (id, file_name, product_id) VALUES (140, 'deaa8674-0e0a-4dba-9fbd-4887149eeb4b.lada_2108_samara_svetlo_korichneviy_.9.product.lightbox.jpg', 30);
INSERT INTO public.image (id, file_name, product_id) VALUES (141, '2edb3978-df4f-4d86-8a3b-24412dd99efa.lada_2108_samara_svetlo_korichneviy_.11.product.lightbox.jpg', 30);
INSERT INTO public.image (id, file_name, product_id) VALUES (142, '64c4909f-88d2-4294-b68a-dd4ad9196d4f.6263884059.jpg', 30);
INSERT INTO public.image (id, file_name, product_id) VALUES (133, 'bb8bfc66-ee0f-444f-938e-d377013e07a7.bNbu8GH38S40rkAa.jpeg', 29);
INSERT INTO public.image (id, file_name, product_id) VALUES (134, 'e27fbbd5-c6fc-4950-a3a7-69b27305cf2e.O24Uuk1fQI5MPhKJ-71.jpg', 29);
INSERT INTO public.image (id, file_name, product_id) VALUES (135, 'ee87a937-316d-43d5-adc8-018e139cc13f.O06ei68m35KaRv54-81.jpg', 29);
INSERT INTO public.image (id, file_name, product_id) VALUES (136, '734291ab-4aec-4855-af87-bf5b73843ea9.O18A5myA9wz1TOjY-38.jpg', 29);
INSERT INTO public.image (id, file_name, product_id) VALUES (137, '14c00c0a-0d35-41c6-ae20-aa59fadb9ed8.O06ei68m35KaRv54-81.jpg', 29);
INSERT INTO public.image (id, file_name, product_id) VALUES (200, '8fbb5086-ef68-425f-af68-b4f2bd7192d0.KYOSHO-1-18-Lamborghini-Countach-LP500S.jpg', 35);
INSERT INTO public.image (id, file_name, product_id) VALUES (201, '442b640c-5f74-4336-9620-21c7a6d0657b.KYOSHO-1-18-Lamborghini-Countach-LP500S-1.jpg', 35);
INSERT INTO public.image (id, file_name, product_id) VALUES (202, 'b30fc426-7a53-4e36-ba72-13a7f0fecc2f.KYOSHO-1-18-Lamborghini-Countach-LP500S-3.jpg', 35);
INSERT INTO public.image (id, file_name, product_id) VALUES (203, '97a908d7-1044-4e3d-971d-b349749bfc53.KYOSHO-1-18-Lamborghini-Countach-LP500S-4.jpg', 35);
INSERT INTO public.image (id, file_name, product_id) VALUES (204, '4e59d63c-b1ce-4c8e-97ee-727999a199fa.KYOSHO-1-18-Lamborghini-Countach-LP500S-5.jpg', 35);
INSERT INTO public.image (id, file_name, product_id) VALUES (192, '0a36a2f8-faf0-41b6-a240-220b45457361.Ferrari-Laferrari-F40-1-18.jpg', 24);
INSERT INTO public.image (id, file_name, product_id) VALUES (193, '997d6da7-777f-402b-92f8-8586eb7bf143.Ferrari-Laferrari-F40-1-18-2.jpg', 24);
INSERT INTO public.image (id, file_name, product_id) VALUES (194, '7e54ba06-6695-4b01-bc6b-38fafc7dd902.Iw6aUfgkFMpMWK6ERMnUPXrbba0-960.jpg', 24);
INSERT INTO public.image (id, file_name, product_id) VALUES (184, 'a543b103-c117-4e90-a57f-df7122e61fbe.WkL-ImvFarmPByZkiwthiPiE-mM-960.jpg', 24);
INSERT INTO public.image (id, file_name, product_id) VALUES (189, 'db18cc13-6025-4145-9207-b6ae3f13be5c.Ferrari-Laferrari-F40-1-18.jpg', 24);
INSERT INTO public.image (id, file_name, product_id) VALUES (208, 'f64b335e-cbcd-49a3-a964-6ee703e0fd81._polar_master_118_mazda_rx7_fd_1658843440_157c16e0_progressive.jpeg', 36);
INSERT INTO public.image (id, file_name, product_id) VALUES (209, 'ff86c4c9-bdf7-47a8-9d04-e2aa93d58855.7483_0-auto_downl.jpg', 36);
INSERT INTO public.image (id, file_name, product_id) VALUES (210, 'e91defdd-777c-430b-ba9e-40388cdc1086.8661.jpg', 36);
INSERT INTO public.image (id, file_name, product_id) VALUES (211, 'f0a92edd-6e79-4d9f-a972-e1bbf2ce2a91.IMG_0510__75939.jpg', 36);
INSERT INTO public.image (id, file_name, product_id) VALUES (212, 'f11469e1-3079-41f5-9649-38f6c20c1474.IMG_0511__58255.jpg', 36);


--
-- TOC entry 3374 (class 0 OID 49271)
-- Dependencies: 223
-- Data for Name: orders; Type: TABLE DATA; Schema: public; Owner: postgres
--

INSERT INTO public.orders (id, count, date_time, number_of_order, price, status, person_id, product_id) VALUES (31, 2, '2022-12-08 15:59:26.970731', 'fd14df1e-9949-4330-9903-0400dfb27136', 86000, 1, 6, 29);
INSERT INTO public.orders (id, count, date_time, number_of_order, price, status, person_id, product_id) VALUES (27, 2, '2022-12-08 15:48:17.607286', '53f24c6c-a427-43c2-a597-e9b221108a92', 64000, 0, 6, 24);
INSERT INTO public.orders (id, count, date_time, number_of_order, price, status, person_id, product_id) VALUES (28, 1, '2022-12-08 15:48:33.172172', '08c5a6e8-cb4d-48a3-8708-909ffb47eee4', 12500, 2, 6, 27);
INSERT INTO public.orders (id, count, date_time, number_of_order, price, status, person_id, product_id) VALUES (32, 3, '2022-12-09 22:38:33.280455', '599ef3f1-5531-4446-81b3-6ca26e03fca0', 21300, 1, 6, 33);
INSERT INTO public.orders (id, count, date_time, number_of_order, price, status, person_id, product_id) VALUES (33, 2, '2022-12-09 22:45:20.117465', '554feed1-6fec-4562-a34e-54064082abbe', 86000, 1, 6, 29);
INSERT INTO public.orders (id, count, date_time, number_of_order, price, status, person_id, product_id) VALUES (29, 1, '2022-12-08 15:54:50.280003', '66baa68d-27db-4b2c-80d2-6282e9f2a8f7', 32000, 3, 6, 24);


--
-- TOC entry 3376 (class 0 OID 57481)
-- Dependencies: 225
-- Data for Name: person; Type: TABLE DATA; Schema: public; Owner: postgres
--

INSERT INTO public.person (id, email, firstname, lastname, login, password, patronymic, phone_number, role) VALUES (1, 'admin@mail.ru', 'admin', 'admin', 'admin', '$2a$10$epSUsqLJ.USWGqAXTgM0K.gZpakHsaWvJdSsQANtNjNU5LGJwsDEW', '', '89100000000', 'ROLE_ADMIN');
INSERT INTO public.person (id, email, firstname, lastname, login, password, patronymic, phone_number, role) VALUES (4, 'K&Kmodels@mail.ru', 'K&Kmodels', 'K&Kmodels', 'K&Kmodels', '$2a$10$ayGayMr1ABeawd0Lm2IeTuD8ZIelI6Vna23xMYBqY0bYAQaGiQp3a', '', '89100000999', 'ROLE_SELLER');
INSERT INTO public.person (id, email, firstname, lastname, login, password, patronymic, phone_number, role) VALUES (2, 'AutoArt@mail.ru', 'AutoArt', 'AutoArt', 'AutoArt', '$2a$10$XnkJbqWXN.uH/X7v2ubNCuwwJ0wunv6DxKkEpsPQT15cOglUFqRAK', '', '89108793555', 'ROLE_SELLER');
INSERT INTO public.person (id, email, firstname, lastname, login, password, patronymic, phone_number, role) VALUES (9, 'Serg@mail.ru', 'Роман', 'Сергеев', 'Robin', '$2a$10$eeErYHiRsCBJg/E8CwYGzOolRuoRpm09sWy1Ekl1UPswkO/CBbuDq', 'Евгеньевич', '89108529637', 'ROLE_USER');
INSERT INTO public.person (id, email, firstname, lastname, login, password, patronymic, phone_number, role) VALUES (10, 'Sergeev@mail.ru', 'Сергей', 'Сергеев', 'Serggeev', '$2a$10$cdyPxmoKCnSB1A45HzNgzOWyptNwy6N3hqi8G6KDMEOiDgnxfqs8K', 'Сергеевич', '89051983535', 'ROLE_USER');
INSERT INTO public.person (id, email, firstname, lastname, login, password, patronymic, phone_number, role) VALUES (6, 'Lipatov_Andre@mail.ru', 'Андрей', 'Липатов', 'Andreeich', '$2a$10$P90SYvzWK2BecyEZnAzQJOngfILwWkTe0zmnVSNffLFiP0BL27urW', 'Андреевич', '89108793545', 'ROLE_USER');
INSERT INTO public.person (id, email, firstname, lastname, login, password, patronymic, phone_number, role) VALUES (8, 'user_test@mail.ru', 'user_test', 'user_test', 'user_test', '$2a$10$N0q45HcMIhg1qA9kUd8fAuTGe8NrVGZJ1qBujU85ofssJnL1BpNNe', '', '89110000000', 'ROLE_USER');
INSERT INTO public.person (id, email, firstname, lastname, login, password, patronymic, phone_number, role) VALUES (11, 'Sergeev_And@mail.ru', 'Андрей', 'Сергеев', 'Andrei', '$2a$10$7eaYcLBuo5Y9tG/1zgCC9.fGboRLSljoixgOI1SBJn0gcjQNHZM0S', 'Андреевич', '89108793598', 'ROLE_USER');


--
-- TOC entry 3368 (class 0 OID 24664)
-- Dependencies: 217
-- Data for Name: product; Type: TABLE DATA; Schema: public; Owner: postgres
--

INSERT INTO public.product (id, date_time_of_created, description, price, seller, title, warehouse, category_id) VALUES (24, '2022-12-04 23:00:18.382076', 'Масштабная модель  автомобиля Ferrari F40.', 32000, 'AutoArt', 'Ferrari F40', 'Moscow', 3);
INSERT INTO public.product (id, date_time_of_created, description, price, seller, title, warehouse, category_id) VALUES (27, '2022-12-04 23:06:07.832283', 'Масштабная модель автомобиля Mazda RX-8', 12500, 'AutoArt', 'Mazda RX-8', 'Moscow', 3);
INSERT INTO public.product (id, date_time_of_created, description, price, seller, title, warehouse, category_id) VALUES (28, '2022-12-04 23:07:54.092057', 'Масштабная модель BMW M3 ', 23000, 'AutoArt', 'BMW M3', 'Moscow', 3);
INSERT INTO public.product (id, date_time_of_created, description, price, seller, title, warehouse, category_id) VALUES (29, '2022-12-04 23:09:10.302314', 'Масштабная модель автомобиля ', 43000, 'AutoArt', 'BMW M5 E34', 'Коледино', 3);
INSERT INTO public.product (id, date_time_of_created, description, price, seller, title, warehouse, category_id) VALUES (30, '2022-12-04 23:13:43.065627', 'Масштабная модель. Литая.', 5950, 'K&Kmodels', 'LADA 2108', 'Коледино', 1);
INSERT INTO public.product (id, date_time_of_created, description, price, seller, title, warehouse, category_id) VALUES (31, '2022-12-04 23:15:50.440677', 'Масштабная модель. Точная копия советского автомобиля.', 37000, 'K&Kmodels', 'ГАЗ -М-20 Победа', 'Коледино', 2);
INSERT INTO public.product (id, date_time_of_created, description, price, seller, title, warehouse, category_id) VALUES (32, '2022-12-04 23:17:17.775861', 'Масштабная модель кабриолета марки Mercedes', 7000, 'K&Kmodels', 'Mercedes SL500', 'Moscow', 3);
INSERT INTO public.product (id, date_time_of_created, description, price, seller, title, warehouse, category_id) VALUES (33, '2022-12-04 23:57:08.848535', 'Масштабная модель самолета МИГ-29  ', 7100, 'Administration ', 'МИГ 29', 'Moscow', 3);
INSERT INTO public.product (id, date_time_of_created, description, price, seller, title, warehouse, category_id) VALUES (35, '2022-12-09 22:28:33.433466', 'Масштабная модель', 52000, 'AutoArt', 'Lamborghini Countach 5000', 'Moscow', 3);
INSERT INTO public.product (id, date_time_of_created, description, price, seller, title, warehouse, category_id) VALUES (36, '2022-12-09 22:52:00.012518', 'Масштабная модель автомобиля Mazda RX-7', 50000, 'AutoArt', 'Mazda RX-7', 'Moscow', 3);


--
-- TOC entry 3370 (class 0 OID 24673)
-- Dependencies: 219
-- Data for Name: product_cart; Type: TABLE DATA; Schema: public; Owner: postgres
--



--
-- TOC entry 3382 (class 0 OID 0)
-- Dependencies: 214
-- Name: category_id_seq; Type: SEQUENCE SET; Schema: public; Owner: postgres
--

SELECT pg_catalog.setval('public.category_id_seq', 3, true);


--
-- TOC entry 3383 (class 0 OID 0)
-- Dependencies: 220
-- Name: image_id_seq; Type: SEQUENCE SET; Schema: public; Owner: postgres
--

SELECT pg_catalog.setval('public.image_id_seq', 212, true);


--
-- TOC entry 3384 (class 0 OID 0)
-- Dependencies: 222
-- Name: orders_id_seq; Type: SEQUENCE SET; Schema: public; Owner: postgres
--

SELECT pg_catalog.setval('public.orders_id_seq', 33, true);


--
-- TOC entry 3385 (class 0 OID 0)
-- Dependencies: 224
-- Name: person_id_seq; Type: SEQUENCE SET; Schema: public; Owner: postgres
--

SELECT pg_catalog.setval('public.person_id_seq', 11, true);


--
-- TOC entry 3386 (class 0 OID 0)
-- Dependencies: 218
-- Name: product_cart_id_seq; Type: SEQUENCE SET; Schema: public; Owner: postgres
--

SELECT pg_catalog.setval('public.product_cart_id_seq', 55, true);


--
-- TOC entry 3387 (class 0 OID 0)
-- Dependencies: 216
-- Name: product_id_seq; Type: SEQUENCE SET; Schema: public; Owner: postgres
--

SELECT pg_catalog.setval('public.product_id_seq', 36, true);


--
-- TOC entry 3200 (class 2606 OID 24656)
-- Name: category category_pkey; Type: CONSTRAINT; Schema: public; Owner: postgres
--

ALTER TABLE ONLY public.category
    ADD CONSTRAINT category_pkey PRIMARY KEY (id);


--
-- TOC entry 3208 (class 2606 OID 24720)
-- Name: image image_pkey; Type: CONSTRAINT; Schema: public; Owner: postgres
--

ALTER TABLE ONLY public.image
    ADD CONSTRAINT image_pkey PRIMARY KEY (id);


--
-- TOC entry 3210 (class 2606 OID 49275)
-- Name: orders orders_pkey; Type: CONSTRAINT; Schema: public; Owner: postgres
--

ALTER TABLE ONLY public.orders
    ADD CONSTRAINT orders_pkey PRIMARY KEY (id);


--
-- TOC entry 3212 (class 2606 OID 57487)
-- Name: person person_pkey; Type: CONSTRAINT; Schema: public; Owner: postgres
--

ALTER TABLE ONLY public.person
    ADD CONSTRAINT person_pkey PRIMARY KEY (id);


--
-- TOC entry 3206 (class 2606 OID 24677)
-- Name: product_cart product_cart_pkey; Type: CONSTRAINT; Schema: public; Owner: postgres
--

ALTER TABLE ONLY public.product_cart
    ADD CONSTRAINT product_cart_pkey PRIMARY KEY (id);


--
-- TOC entry 3202 (class 2606 OID 24671)
-- Name: product product_pkey; Type: CONSTRAINT; Schema: public; Owner: postgres
--

ALTER TABLE ONLY public.product
    ADD CONSTRAINT product_pkey PRIMARY KEY (id);


--
-- TOC entry 3214 (class 2606 OID 57491)
-- Name: person uk_2ldqhx89sy06ya51rrnndhwmc; Type: CONSTRAINT; Schema: public; Owner: postgres
--

ALTER TABLE ONLY public.person
    ADD CONSTRAINT uk_2ldqhx89sy06ya51rrnndhwmc UNIQUE (phone_number);


--
-- TOC entry 3216 (class 2606 OID 57489)
-- Name: person uk_fwmwi44u55bo4rvwsv0cln012; Type: CONSTRAINT; Schema: public; Owner: postgres
--

ALTER TABLE ONLY public.person
    ADD CONSTRAINT uk_fwmwi44u55bo4rvwsv0cln012 UNIQUE (email);


--
-- TOC entry 3204 (class 2606 OID 24679)
-- Name: product uk_qka6vxqdy1dprtqnx9trdd47c; Type: CONSTRAINT; Schema: public; Owner: postgres
--

ALTER TABLE ONLY public.product
    ADD CONSTRAINT uk_qka6vxqdy1dprtqnx9trdd47c UNIQUE (title);


--
-- TOC entry 3217 (class 2606 OID 41037)
-- Name: product category; Type: FK CONSTRAINT; Schema: public; Owner: postgres
--

ALTER TABLE ONLY public.product
    ADD CONSTRAINT category FOREIGN KEY (category_id) REFERENCES public.category(id) ON DELETE CASCADE NOT VALID;


--
-- TOC entry 3220 (class 2606 OID 24721)
-- Name: image fkgpextbyee3uk9u6o2381m7ft1; Type: FK CONSTRAINT; Schema: public; Owner: postgres
--

ALTER TABLE ONLY public.image
    ADD CONSTRAINT fkgpextbyee3uk9u6o2381m7ft1 FOREIGN KEY (product_id) REFERENCES public.product(id);


--
-- TOC entry 3221 (class 2606 OID 65652)
-- Name: orders person_id; Type: FK CONSTRAINT; Schema: public; Owner: postgres
--

ALTER TABLE ONLY public.orders
    ADD CONSTRAINT person_id FOREIGN KEY (person_id) REFERENCES public.person(id) ON UPDATE CASCADE ON DELETE CASCADE NOT VALID;


--
-- TOC entry 3218 (class 2606 OID 65657)
-- Name: product_cart person_id; Type: FK CONSTRAINT; Schema: public; Owner: postgres
--

ALTER TABLE ONLY public.product_cart
    ADD CONSTRAINT person_id FOREIGN KEY (person_id) REFERENCES public.person(id) ON UPDATE CASCADE ON DELETE CASCADE NOT VALID;


--
-- TOC entry 3219 (class 2606 OID 57460)
-- Name: product_cart product_id; Type: FK CONSTRAINT; Schema: public; Owner: postgres
--

ALTER TABLE ONLY public.product_cart
    ADD CONSTRAINT product_id FOREIGN KEY (product_id) REFERENCES public.product(id) ON UPDATE CASCADE ON DELETE CASCADE NOT VALID;


--
-- TOC entry 3222 (class 2606 OID 57475)
-- Name: orders product_id; Type: FK CONSTRAINT; Schema: public; Owner: postgres
--

ALTER TABLE ONLY public.orders
    ADD CONSTRAINT product_id FOREIGN KEY (product_id) REFERENCES public.product(id) ON UPDATE CASCADE ON DELETE CASCADE NOT VALID;


-- Completed on 2022-12-09 23:22:45

--
-- PostgreSQL database dump complete
--

